Title Number,Title Name
Title 1,How a Kubernetes Scheduler Works?
Title 2,File Transfer Protocol (FTP) | It's Working
Title 3,What is ChatGPT 4? | What's the difference between ChatGPT 3 & GPT 4?
Title 4,Flutter: Advantages & Disadvantages
Title 5,How to become a Full Stack Developer? Complete Roadmap 2023
Title 6,Top UI/UX Trends of 2023
Title 7,Web Browser & it's Working
Title 8,How to Answer “Tell Me About Yourself” in an Interview?
Title 9,Top 5 Reasons Why Your Resume gets Rejected
Title 10,5 DSA Projects for your Resume
Title 11,PHP mb_ereg_search_init() Function
Title 12,Order of Matrix
Title 13,Unitary Matrix
Title 14,Maxwell–Boltzmann Distribution
Title 15,AM GM Inequality
Title 16,Nilpotent Matrix
Title 17,Node.js crypto.secureHeapUsed() Method
Title 18,Acre (Unit of Measurement)
Title 19,Column Matrix
Title 20,Maximum value with no 3 consecutive set bits
Title 21,Counting Good stones in a river with positive and negative steps
Title 22,Minimum Subset sum difference problem with Subset partitioning
Title 23,Min operations to convert A to B by incrementing A in the given range
Title 24,Count nodes with prime weight in a Directed Acyclic Graph
Title 25,Minimize rooms with K seats to accomodate N girls and M boys
